SALTS,HASHES
DIX7390FM9765CQ6BP65CDGUS3IE1T1J,f358930e87eb734bd7158139bf2bcfacac33903a24a472bbb4290288892733867646ad9aaab58e00071e1248620048bdd7b068f85e61b6e240c9df384f8f2745
0MDFEQGMTR12OUULVCZZ06TML1O515M3,f414c679076b8b9f8a28a98c45903aa05f1c4f1fa7baed4bbf2aec8cdc009c1bb28a990bdd562259a87e4811cb5823af99fe6666285203a64ef92bee20760582
KW9LQO3HX7XAQ1US35QBQJ8O0DBBYN66,c91ff6db6cfb3bba768b2ddd5b8d180d16c2e1e87ef24631b3f4500d8eacbb6c1b4efdb0dcf4b2027de368dd3a6d35a052c2b9c0197f2d1c0ab2d37a408c7240
2Z7S29EUNQSNK9ERGR0B2D3APGGJSOBA,e3e7e43857a06a0367d456addae3d869b552251684ef634494c636cff93acc723e7a5e18cc62798a2d199ea3ff323aa62a6006fc5ea38817a01626ef45f3a426
