SALTS,HASHES
1AR8Z42GN6NZ9UJ2BEF9255E26YJIMY3,ec72c262879a53cbc031340859f6a1940880d93f564c6df9c609ad1a33b8d231c9748c5397f46f727b79dc9ae4ae3b68e38b5a30d3d1061fa2dd36f1f2c604d8
NPS5HG0QY4UOT506BWH26NJV5DD9T0YR,003fe961b301b19eb2cb78ce131087e36400d4d9dacdac5d2206d0bd4004e6de0628d1be3de2629dbb09c4f857461a4e14c59f2049c4c478f54b2a4d7a352dfa
6IEEQ8UG54S00JH12ZVANOTGRDAWFZ0W,2bbba4d4a017068efcdef0681b137543cb8784308a99ca89dd8e2db50ff5d1c7141c148782bee075efef167753734f0d113f6514515b3556940b66bb3ceddc90
SHHFDVWTIWQ2O7HBJX40W9JZEA7G36AD,314e667ab6e4872cf9166cde8c6b071eb61de6a64b57dd0fa6765b39dce61322bca80622845424859d2953efb65d682bfd18880c6039ce684a2d4cbbe47f4773
OVVT0198WNVBCCPEGFDSEYY2KVOEKZ2Y,59208084fd800da0d2db5355b0dd81d27469a2777e334d5f6a81a3df4599050d900620000c3d7547823d368d7f6d40a07bea13913a4d2c7282e6daa5cea593c9
IJTPXJJRCI3A5GJF23TT2DRILBEEX6XK,2597cbb7809c80f6f83091c02a768a60225df25aeb8736931041031c7492cd99cbdf3299c8b074461dc6f45bf329f891c2783d9939308a1505f4574273fee151
L23M0RZC6DS7CKGN3D3IHA1DZWKSADI7,20ec9b7cb3b18bf7019f851986f7ade1a8ba16cafc9c93b847e344af1e74f0a3ad1b9e5b8693bca80daba0d6df38157c350588e005e555a6642e37382c1a266b
